name,title,level,facing,categories,description,detail,remediation,metadata,cache_key
multiple_permissive_policies,Multiple Permissive Policies,WARN,EXTERNAL,"[""PERFORMANCE""]",Detects if multiple permissive row level security policies are present on a table for the same \`role\` and \`action\` (e.g. insert). Multiple permissive policies are suboptimal for performance as each policy must be executed for every relevant query.,"Table \`public.achievements\` has multiple permissive policies for role \`anon\` for action \`SELECT\`. Policies include \`{""Achievements are viewable by everyone"",""Admins can manage achievements"",""Users can view all achievements""}\`",https://supabase.com/docs/guides/database/database-linter?lint=0006_multiple_permissive_policies,"{""name"":""achievements"",""type"":""table"",""schema"":""public""}",multiple_permissive_policies_public_achievements_anon_SELECT
multiple_permissive_policies,Multiple Permissive Policies,WARN,EXTERNAL,"[""PERFORMANCE""]",Detects if multiple permissive row level security policies are present on a table for the same \`role\` and \`action\` (e.g. insert). Multiple permissive policies are suboptimal for performance as each policy must be executed for every relevant query.,"Table \`public.achievements\` has multiple permissive policies for role \`authenticated\` for action \`SELECT\`. Policies include \`{""Achievements are viewable by everyone"",""Admins can manage achievements"",""Users can view all achievements""}\`",https://supabase.com/docs/guides/database/database-linter?lint=0006_multiple_permissive_policies,"{""name"":""achievements"",""type"":""table"",""schema"":""public""}",multiple_permissive_policies_public_achievements_authenticated_SELECT
multiple_permissive_policies,Multiple Permissive Policies,WARN,EXTERNAL,"[""PERFORMANCE""]",Detects if multiple permissive row level security policies are present on a table for the same \`role\` and \`action\` (e.g. insert). Multiple permissive policies are suboptimal for performance as each policy must be executed for every relevant query.,"Table \`public.achievements\` has multiple permissive policies for role \`authenticator\` for action \`SELECT\`. Policies include \`{""Achievements are viewable by everyone"",""Admins can manage achievements"",""Users can view all achievements""}\`",https://supabase.com/docs/guides/database/database-linter?lint=0006_multiple_permissive_policies,"{""name"":""achievements"",""type"":""table"",""schema"":""public""}",multiple_permissive_policies_public_achievements_authenticator_SELECT
multiple_permissive_policies,Multiple Permissive Policies,WARN,EXTERNAL,"[""PERFORMANCE""]",Detects if multiple permissive row level security policies are present on a table for the same \`role\` and \`action\` (e.g. insert). Multiple permissive policies are suboptimal for performance as each policy must be executed for every relevant query.,"Table \`public.achievements\` has multiple permissive policies for role \`cli_login_postgres\` for action \`SELECT\`. Policies include \`{""Achievements are viewable by everyone"",""Admins can manage achievements"",""Users can view all achievements""}\`",https://supabase.com/docs/guides/database/database-linter?lint=0006_multiple_permissive_policies,"{""name"":""achievements"",""type"":""table"",""schema"":""public""}",multiple_permissive_policies_public_achievements_cli_login_postgres_SELECT
multiple_permissive_policies,Multiple Permissive Policies,WARN,EXTERNAL,"[""PERFORMANCE""]",Detects if multiple permissive row level security policies are present on a table for the same \`role\` and \`action\` (e.g. insert). Multiple permissive policies are suboptimal for performance as each policy must be executed for every relevant query.,"Table \`public.achievements\` has multiple permissive policies for role \`dashboard_user\` for action \`SELECT\`. Policies include \`{""Achievements are viewable by everyone"",""Admins can manage achievements"",""Users can view all achievements""}\`",https://supabase.com/docs/guides/database/database-linter?lint=0006_multiple_permissive_policies,"{""name"":""achievements"",""type"":""table"",""schema"":""public""}",multiple_permissive_policies_public_achievements_dashboard_user_SELECT
multiple_permissive_policies,Multiple Permissive Policies,WARN,EXTERNAL,"[""PERFORMANCE""]",Detects if multiple permissive row level security policies are present on a table for the same \`role\` and \`action\` (e.g. insert). Multiple permissive policies are suboptimal for performance as each policy must be executed for every relevant query.,"Table \`public.activities\` has multiple permissive policies for role \`anon\` for action \`SELECT\`. Policies include \`{""Users can view all activities"",""Users can view their own activities""}\`",https://supabase.com/docs/guides/database/database-linter?lint=0006_multiple_permissive_policies,"{""name"":""activities"",""type"":""table"",""schema"":""public""}",multiple_permissive_policies_public_activities_anon_SELECT
multiple_permissive_policies,Multiple Permissive Policies,WARN,EXTERNAL,"[""PERFORMANCE""]",Detects if multiple permissive row level security policies are present on a table for the same \`role\` and \`action\` (e.g. insert). Multiple permissive policies are suboptimal for performance as each policy must be executed for every relevant query.,"Table \`public.activities\` has multiple permissive policies for role \`authenticated\` for action \`SELECT\`. Policies include \`{""Users can view all activities"",""Users can view their own activities""}\`",https://supabase.com/docs/guides/database/database-linter?lint=0006_multiple_permissive_policies,"{""name"":""activities"",""type"":""table"",""schema"":""public""}",multiple_permissive_policies_public_activities_authenticated_SELECT
multiple_permissive_policies,Multiple Permissive Policies,WARN,EXTERNAL,"[""PERFORMANCE""]",Detects if multiple permissive row level security policies are present on a table for the same \`role\` and \`action\` (e.g. insert). Multiple permissive policies are suboptimal for performance as each policy must be executed for every relevant query.,"Table \`public.activities\` has multiple permissive policies for role \`authenticator\` for action \`SELECT\`. Policies include \`{""Users can view all activities"",""Users can view their own activities""}\`",https://supabase.com/docs/guides/database/database-linter?lint=0006_multiple_permissive_policies,"{""name"":""activities"",""type"":""table"",""schema"":""public""}",multiple_permissive_policies_public_activities_authenticator_SELECT
multiple_permissive_policies,Multiple Permissive Policies,WARN,EXTERNAL,"[""PERFORMANCE""]",Detects if multiple permissive row level security policies are present on a table for the same \`role\` and \`action\` (e.g. insert). Multiple permissive policies are suboptimal for performance as each policy must be executed for every relevant query.,"Table \`public.activities\` has multiple permissive policies for role \`cli_login_postgres\` for action \`SELECT\`. Policies include \`{""Users can view all activities"",""Users can view their own activities""}\`",https://supabase.com/docs/guides/database/database-linter?lint=0006_multiple_permissive_policies,"{""name"":""activities"",""type"":""table"",""schema"":""public""}",multiple_permissive_policies_public_activities_cli_login_postgres_SELECT
multiple_permissive_policies,Multiple Permissive Policies,WARN,EXTERNAL,"[""PERFORMANCE""]",Detects if multiple permissive row level security policies are present on a table for the same \`role\` and \`action\` (e.g. insert). Multiple permissive policies are suboptimal for performance as each policy must be executed for every relevant query.,"Table \`public.activities\` has multiple permissive policies for role \`dashboard_user\` for action \`SELECT\`. Policies include \`{""Users can view all activities"",""Users can view their own activities""}\`",https://supabase.com/docs/guides/database/database-linter?lint=0006_multiple_permissive_policies,"{""name"":""activities"",""type"":""table"",""schema"":""public""}",multiple_permissive_policies_public_activities_dashboard_user_SELECT
multiple_permissive_policies,Multiple Permissive Policies,WARN,EXTERNAL,"[""PERFORMANCE""]",Detects if multiple permissive row level security policies are present on a table for the same \`role\` and \`action\` (e.g. insert). Multiple permissive policies are suboptimal for performance as each policy must be executed for every relevant query.,"Table \`public.comments\` has multiple permissive policies for role \`anon\` for action \`SELECT\`. Policies include \`{""Comments are viewable by everyone"",""Users can view all comments""}\`",https://supabase.com/docs/guides/database/database-linter?lint=0006_multiple_permissive_policies,"{""name"":""comments"",""type"":""table"",""schema"":""public""}",multiple_permissive_policies_public_comments_anon_SELECT
multiple_permissive_policies,Multiple Permissive Policies,WARN,EXTERNAL,"[""PERFORMANCE""]",Detects if multiple permissive row level security policies are present on a table for the same \`role\` and \`action\` (e.g. insert). Multiple permissive policies are suboptimal for performance as each policy must be executed for every relevant query.,"Table \`public.comments\` has multiple permissive policies for role \`authenticated\` for action \`SELECT\`. Policies include \`{""Comments are viewable by everyone"",""Users can view all comments""}\`",https://supabase.com/docs/guides/database/database-linter?lint=0006_multiple_permissive_policies,"{""name"":""comments"",""type"":""table"",""schema"":""public""}",multiple_permissive_policies_public_comments_authenticated_SELECT
multiple_permissive_policies,Multiple Permissive Policies,WARN,EXTERNAL,"[""PERFORMANCE""]",Detects if multiple permissive row level security policies are present on a table for the same \`role\` and \`action\` (e.g. insert). Multiple permissive policies are suboptimal for performance as each policy must be executed for every relevant query.,"Table \`public.comments\` has multiple permissive policies for role \`authenticator\` for action \`SELECT\`. Policies include \`{""Comments are viewable by everyone"",""Users can view all comments""}\`",https://supabase.com/docs/guides/database/database-linter?lint=0006_multiple_permissive_policies,"{""name"":""comments"",""type"":""table"",""schema"":""public""}",multiple_permissive_policies_public_comments_authenticator_SELECT
multiple_permissive_policies,Multiple Permissive Policies,WARN,EXTERNAL,"[""PERFORMANCE""]",Detects if multiple permissive row level security policies are present on a table for the same \`role\` and \`action\` (e.g. insert). Multiple permissive policies are suboptimal for performance as each policy must be executed for every relevant query.,"Table \`public.comments\` has multiple permissive policies for role \`cli_login_postgres\` for action \`SELECT\`. Policies include \`{""Comments are viewable by everyone"",""Users can view all comments""}\`",https://supabase.com/docs/guides/database/database-linter?lint=0006_multiple_permissive_policies,"{""name"":""comments"",""type"":""table"",""schema"":""public""}",multiple_permissive_policies_public_comments_cli_login_postgres_SELECT
multiple_permissive_policies,Multiple Permissive Policies,WARN,EXTERNAL,"[""PERFORMANCE""]",Detects if multiple permissive row level security policies are present on a table for the same \`role\` and \`action\` (e.g. insert). Multiple permissive policies are suboptimal for performance as each policy must be executed for every relevant query.,"Table \`public.comments\` has multiple permissive policies for role \`dashboard_user\` for action \`SELECT\`. Policies include \`{""Comments are viewable by everyone"",""Users can view all comments""}\`",https://supabase.com/docs/guides/database/database-linter?lint=0006_multiple_permissive_policies,"{""name"":""comments"",""type"":""table"",""schema"":""public""}",multiple_permissive_policies_public_comments_dashboard_user_SELECT
multiple_permissive_policies,Multiple Permissive Policies,WARN,EXTERNAL,"[""PERFORMANCE""]",Detects if multiple permissive row level security policies are present on a table for the same \`role\` and \`action\` (e.g. insert). Multiple permissive policies are suboptimal for performance as each policy must be executed for every relevant query.,"Table \`public.points_history\` has multiple permissive policies for role \`anon\` for action \`INSERT\`. Policies include \`{""Admins can insert points history"",""Users can insert their own points history""}\`",https://supabase.com/docs/guides/database/database-linter?lint=0006_multiple_permissive_policies,"{""name"":""points_history"",""type"":""table"",""schema"":""public""}",multiple_permissive_policies_public_points_history_anon_INSERT
multiple_permissive_policies,Multiple Permissive Policies,WARN,EXTERNAL,"[""PERFORMANCE""]",Detects if multiple permissive row level security policies are present on a table for the same \`role\` and \`action\` (e.g. insert). Multiple permissive policies are suboptimal for performance as each policy must be executed for every relevant query.,"Table \`public.points_history\` has multiple permissive policies for role \`anon\` for action \`SELECT\`. Policies include \`{""Admins can view all points history"",""Users can view their own points history""}\`",https://supabase.com/docs/guides/database/database-linter?lint=0006_multiple_permissive_policies,"{""name"":""points_history"",""type"":""table"",""schema"":""public""}",multiple_permissive_policies_public_points_history_anon_SELECT
multiple_permissive_policies,Multiple Permissive Policies,WARN,EXTERNAL,"[""PERFORMANCE""]",Detects if multiple permissive row level security policies are present on a table for the same \`role\` and \`action\` (e.g. insert). Multiple permissive policies are suboptimal for performance as each policy must be executed for every relevant query.,"Table \`public.points_history\` has multiple permissive policies for role \`authenticated\` for action \`INSERT\`. Policies include \`{""Admins can insert points history"",""Users can insert their own points history""}\`",https://supabase.com/docs/guides/database/database-linter?lint=0006_multiple_permissive_policies,"{""name"":""points_history"",""type"":""table"",""schema"":""public""}",multiple_permissive_policies_public_points_history_authenticated_INSERT
multiple_permissive_policies,Multiple Permissive Policies,WARN,EXTERNAL,"[""PERFORMANCE""]",Detects if multiple permissive row level security policies are present on a table for the same \`role\` and \`action\` (e.g. insert). Multiple permissive policies are suboptimal for performance as each policy must be executed for every relevant query.,"Table \`public.points_history\` has multiple permissive policies for role \`authenticated\` for action \`SELECT\`. Policies include \`{""Admins can view all points history"",""Users can view their own points history""}\`",https://supabase.com/docs/guides/database/database-linter?lint=0006_multiple_permissive_policies,"{""name"":""points_history"",""type"":""table"",""schema"":""public""}",multiple_permissive_policies_public_points_history_authenticated_SELECT
multiple_permissive_policies,Multiple Permissive Policies,WARN,EXTERNAL,"[""PERFORMANCE""]",Detects if multiple permissive row level security policies are present on a table for the same \`role\` and \`action\` (e.g. insert). Multiple permissive policies are suboptimal for performance as each policy must be executed for every relevant query.,"Table \`public.points_history\` has multiple permissive policies for role \`authenticator\` for action \`INSERT\`. Policies include \`{""Admins can insert points history"",""Users can insert their own points history""}\`",https://supabase.com/docs/guides/database/database-linter?lint=0006_multiple_permissive_policies,"{""name"":""points_history"",""type"":""table"",""schema"":""public""}",multiple_permissive_policies_public_points_history_authenticator_INSERT
multiple_permissive_policies,Multiple Permissive Policies,WARN,EXTERNAL,"[""PERFORMANCE""]",Detects if multiple permissive row level security policies are present on a table for the same \`role\` and \`action\` (e.g. insert). Multiple permissive policies are suboptimal for performance as each policy must be executed for every relevant query.,"Table \`public.points_history\` has multiple permissive policies for role \`authenticator\` for action \`SELECT\`. Policies include \`{""Admins can view all points history"",""Users can view their own points history""}\`",https://supabase.com/docs/guides/database/database-linter?lint=0006_multiple_permissive_policies,"{""name"":""points_history"",""type"":""table"",""schema"":""public""}",multiple_permissive_policies_public_points_history_authenticator_SELECT
multiple_permissive_policies,Multiple Permissive Policies,WARN,EXTERNAL,"[""PERFORMANCE""]",Detects if multiple permissive row level security policies are present on a table for the same \`role\` and \`action\` (e.g. insert). Multiple permissive policies are suboptimal for performance as each policy must be executed for every relevant query.,"Table \`public.points_history\` has multiple permissive policies for role \`cli_login_postgres\` for action \`INSERT\`. Policies include \`{""Admins can insert points history"",""Users can insert their own points history""}\`",https://supabase.com/docs/guides/database/database-linter?lint=0006_multiple_permissive_policies,"{""name"":""points_history"",""type"":""table"",""schema"":""public""}",multiple_permissive_policies_public_points_history_cli_login_postgres_INSERT
multiple_permissive_policies,Multiple Permissive Policies,WARN,EXTERNAL,"[""PERFORMANCE""]",Detects if multiple permissive row level security policies are present on a table for the same \`role\` and \`action\` (e.g. insert). Multiple permissive policies are suboptimal for performance as each policy must be executed for every relevant query.,"Table \`public.points_history\` has multiple permissive policies for role \`cli_login_postgres\` for action \`SELECT\`. Policies include \`{""Admins can view all points history"",""Users can view their own points history""}\`",https://supabase.com/docs/guides/database/database-linter?lint=0006_multiple_permissive_policies,"{""name"":""points_history"",""type"":""table"",""schema"":""public""}",multiple_permissive_policies_public_points_history_cli_login_postgres_SELECT
multiple_permissive_policies,Multiple Permissive Policies,WARN,EXTERNAL,"[""PERFORMANCE""]",Detects if multiple permissive row level security policies are present on a table for the same \`role\` and \`action\` (e.g. insert). Multiple permissive policies are suboptimal for performance as each policy must be executed for every relevant query.,"Table \`public.points_history\` has multiple permissive policies for role \`dashboard_user\` for action \`INSERT\`. Policies include \`{""Admins can insert points history"",""Users can insert their own points history""}\`",https://supabase.com/docs/guides/database/database-linter?lint=0006_multiple_permissive_policies,"{""name"":""points_history"",""type"":""table"",""schema"":""public""}",multiple_permissive_policies_public_points_history_dashboard_user_INSERT
multiple_permissive_policies,Multiple Permissive Policies,WARN,EXTERNAL,"[""PERFORMANCE""]",Detects if multiple permissive row level security policies are present on a table for the same \`role\` and \`action\` (e.g. insert). Multiple permissive policies are suboptimal for performance as each policy must be executed for every relevant query.,"Table \`public.points_history\` has multiple permissive policies for role \`dashboard_user\` for action \`SELECT\`. Policies include \`{""Admins can view all points history"",""Users can view their own points history""}\`",https://supabase.com/docs/guides/database/database-linter?lint=0006_multiple_permissive_policies,"{""name"":""points_history"",""type"":""table"",""schema"":""public""}",multiple_permissive_policies_public_points_history_dashboard_user_SELECT
multiple_permissive_policies,Multiple Permissive Policies,WARN,EXTERNAL,"[""PERFORMANCE""]",Detects if multiple permissive row level security policies are present on a table for the same \`role\` and \`action\` (e.g. insert). Multiple permissive policies are suboptimal for performance as each policy must be executed for every relevant query.,"Table \`public.profiles\` has multiple permissive policies for role \`anon\` for action \`SELECT\`. Policies include \`{""Profiles are viewable by everyone"",""Public profiles are viewable by everyone"",""Users can view all profiles""}\`",https://supabase.com/docs/guides/database/database-linter?lint=0006_multiple_permissive_policies,"{""name"":""profiles"",""type"":""table"",""schema"":""public""}",multiple_permissive_policies_public_profiles_anon_SELECT
multiple_permissive_policies,Multiple Permissive Policies,WARN,EXTERNAL,"[""PERFORMANCE""]",Detects if multiple permissive row level security policies are present on a table for the same \`role\` and \`action\` (e.g. insert). Multiple permissive policies are suboptimal for performance as each policy must be executed for every relevant query.,"Table \`public.profiles\` has multiple permissive policies for role \`anon\` for action \`UPDATE\`. Policies include \`{""Admins can update user ban status"",""Users can update their own profile""}\`",https://supabase.com/docs/guides/database/database-linter?lint=0006_multiple_permissive_policies,"{""name"":""profiles"",""type"":""table"",""schema"":""public""}",multiple_permissive_policies_public_profiles_anon_UPDATE
multiple_permissive_policies,Multiple Permissive Policies,WARN,EXTERNAL,"[""PERFORMANCE""]",Detects if multiple permissive row level security policies are present on a table for the same \`role\` and \`action\` (e.g. insert). Multiple permissive policies are suboptimal for performance as each policy must be executed for every relevant query.,"Table \`public.profiles\` has multiple permissive policies for role \`authenticated\` for action \`SELECT\`. Policies include \`{""Profiles are viewable by everyone"",""Public profiles are viewable by everyone"",""Users can view all profiles""}\`",https://supabase.com/docs/guides/database/database-linter?lint=0006_multiple_permissive_policies,"{""name"":""profiles"",""type"":""table"",""schema"":""public""}",multiple_permissive_policies_public_profiles_authenticated_SELECT
multiple_permissive_policies,Multiple Permissive Policies,WARN,EXTERNAL,"[""PERFORMANCE""]",Detects if multiple permissive row level security policies are present on a table for the same \`role\` and \`action\` (e.g. insert). Multiple permissive policies are suboptimal for performance as each policy must be executed for every relevant query.,"Table \`public.profiles\` has multiple permissive policies for role \`authenticated\` for action \`UPDATE\`. Policies include \`{""Admins can update user ban status"",""Users can update their own profile""}\`",https://supabase.com/docs/guides/database/database-linter?lint=0006_multiple_permissive_policies,"{""name"":""profiles"",""type"":""table"",""schema"":""public""}",multiple_permissive_policies_public_profiles_authenticated_UPDATE
multiple_permissive_policies,Multiple Permissive Policies,WARN,EXTERNAL,"[""PERFORMANCE""]",Detects if multiple permissive row level security policies are present on a table for the same \`role\` and \`action\` (e.g. insert). Multiple permissive policies are suboptimal for performance as each policy must be executed for every relevant query.,"Table \`public.profiles\` has multiple permissive policies for role \`authenticator\` for action \`SELECT\`. Policies include \`{""Profiles are viewable by everyone"",""Public profiles are viewable by everyone"",""Users can view all profiles""}\`",https://supabase.com/docs/guides/database/database-linter?lint=0006_multiple_permissive_policies,"{""name"":""profiles"",""type"":""table"",""schema"":""public""}",multiple_permissive_policies_public_profiles_authenticator_SELECT
multiple_permissive_policies,Multiple Permissive Policies,WARN,EXTERNAL,"[""PERFORMANCE""]",Detects if multiple permissive row level security policies are present on a table for the same \`role\` and \`action\` (e.g. insert). Multiple permissive policies are suboptimal for performance as each policy must be executed for every relevant query.,"Table \`public.profiles\` has multiple permissive policies for role \`authenticator\` for action \`UPDATE\`. Policies include \`{""Admins can update user ban status"",""Users can update their own profile""}\`",https://supabase.com/docs/guides/database/database-linter?lint=0006_multiple_permissive_policies,"{""name"":""profiles"",""type"":""table"",""schema"":""public""}",multiple_permissive_policies_public_profiles_authenticator_UPDATE
multiple_permissive_policies,Multiple Permissive Policies,WARN,EXTERNAL,"[""PERFORMANCE""]",Detects if multiple permissive row level security policies are present on a table for the same \`role\` and \`action\` (e.g. insert). Multiple permissive policies are suboptimal for performance as each policy must be executed for every relevant query.,"Table \`public.profiles\` has multiple permissive policies for role \`cli_login_postgres\` for action \`SELECT\`. Policies include \`{""Profiles are viewable by everyone"",""Public profiles are viewable by everyone"",""Users can view all profiles""}\`",https://supabase.com/docs/guides/database/database-linter?lint=0006_multiple_permissive_policies,"{""name"":""profiles"",""type"":""table"",""schema"":""public""}",multiple_permissive_policies_public_profiles_cli_login_postgres_SELECT
multiple_permissive_policies,Multiple Permissive Policies,WARN,EXTERNAL,"[""PERFORMANCE""]",Detects if multiple permissive row level security policies are present on a table for the same \`role\` and \`action\` (e.g. insert). Multiple permissive policies are suboptimal for performance as each policy must be executed for every relevant query.,"Table \`public.profiles\` has multiple permissive policies for role \`cli_login_postgres\` for action \`UPDATE\`. Policies include \`{""Admins can update user ban status"",""Users can update their own profile""}\`",https://supabase.com/docs/guides/database/database-linter?lint=0006_multiple_permissive_policies,"{""name"":""profiles"",""type"":""table"",""schema"":""public""}",multiple_permissive_policies_public_profiles_cli_login_postgres_UPDATE
multiple_permissive_policies,Multiple Permissive Policies,WARN,EXTERNAL,"[""PERFORMANCE""]",Detects if multiple permissive row level security policies are present on a table for the same \`role\` and \`action\` (e.g. insert). Multiple permissive policies are suboptimal for performance as each policy must be executed for every relevant query.,"Table \`public.profiles\` has multiple permissive policies for role \`dashboard_user\` for action \`SELECT\`. Policies include \`{""Profiles are viewable by everyone"",""Public profiles are viewable by everyone"",""Users can view all profiles""}\`",https://supabase.com/docs/guides/database/database-linter?lint=0006_multiple_permissive_policies,"{""name"":""profiles"",""type"":""table"",""schema"":""public""}",multiple_permissive_policies_public_profiles_dashboard_user_SELECT
multiple_permissive_policies,Multiple Permissive Policies,WARN,EXTERNAL,"[""PERFORMANCE""]",Detects if multiple permissive row level security policies are present on a table for the same \`role\` and \`action\` (e.g. insert). Multiple permissive policies are suboptimal for performance as each policy must be executed for every relevant query.,"Table \`public.profiles\` has multiple permissive policies for role \`dashboard_user\` for action \`UPDATE\`. Policies include \`{""Admins can update user ban status"",""Users can update their own profile""}\`",https://supabase.com/docs/guides/database/database-linter?lint=0006_multiple_permissive_policies,"{""name"":""profiles"",""type"":""table"",""schema"":""public""}",multiple_permissive_policies_public_profiles_dashboard_user_UPDATE
multiple_permissive_policies,Multiple Permissive Policies,WARN,EXTERNAL,"[""PERFORMANCE""]",Detects if multiple permissive row level security policies are present on a table for the same \`role\` and \`action\` (e.g. insert). Multiple permissive policies are suboptimal for performance as each policy must be executed for every relevant query.,"Table \`public.reports\` has multiple permissive policies for role \`anon\` for action \`DELETE\`. Policies include \`{""Admins can delete any report"",""Users can delete their own reports""}\`",https://supabase.com/docs/guides/database/database-linter?lint=0006_multiple_permissive_policies,"{""name"":""reports"",""type"":""table"",""schema"":""public""}",multiple_permissive_policies_public_reports_anon_DELETE
multiple_permissive_policies,Multiple Permissive Policies,WARN,EXTERNAL,"[""PERFORMANCE""]",Detects if multiple permissive row level security policies are present on a table for the same \`role\` and \`action\` (e.g. insert). Multiple permissive policies are suboptimal for performance as each policy must be executed for every relevant query.,"Table \`public.reports\` has multiple permissive policies for role \`anon\` for action \`SELECT\`. Policies include \`{""Reports are viewable by everyone"",""Users can view all reports""}\`",https://supabase.com/docs/guides/database/database-linter?lint=0006_multiple_permissive_policies,"{""name"":""reports"",""type"":""table"",""schema"":""public""}",multiple_permissive_policies_public_reports_anon_SELECT
multiple_permissive_policies,Multiple Permissive Policies,WARN,EXTERNAL,"[""PERFORMANCE""]",Detects if multiple permissive row level security policies are present on a table for the same \`role\` and \`action\` (e.g. insert). Multiple permissive policies are suboptimal for performance as each policy must be executed for every relevant query.,"Table \`public.reports\` has multiple permissive policies for role \`anon\` for action \`UPDATE\`. Policies include \`{""Admins can update any report"",""Users can update their own reports""}\`",https://supabase.com/docs/guides/database/database-linter?lint=0006_multiple_permissive_policies,"{""name"":""reports"",""type"":""table"",""schema"":""public""}",multiple_permissive_policies_public_reports_anon_UPDATE
multiple_permissive_policies,Multiple Permissive Policies,WARN,EXTERNAL,"[""PERFORMANCE""]",Detects if multiple permissive row level security policies are present on a table for the same \`role\` and \`action\` (e.g. insert). Multiple permissive policies are suboptimal for performance as each policy must be executed for every relevant query.,"Table \`public.reports\` has multiple permissive policies for role \`authenticated\` for action \`DELETE\`. Policies include \`{""Admins can delete any report"",""Users can delete their own reports""}\`",https://supabase.com/docs/guides/database/database-linter?lint=0006_multiple_permissive_policies,"{""name"":""reports"",""type"":""table"",""schema"":""public""}",multiple_permissive_policies_public_reports_authenticated_DELETE
multiple_permissive_policies,Multiple Permissive Policies,WARN,EXTERNAL,"[""PERFORMANCE""]",Detects if multiple permissive row level security policies are present on a table for the same \`role\` and \`action\` (e.g. insert). Multiple permissive policies are suboptimal for performance as each policy must be executed for every relevant query.,"Table \`public.reports\` has multiple permissive policies for role \`authenticated\` for action \`SELECT\`. Policies include \`{""Reports are viewable by everyone"",""Users can view all reports""}\`",https://supabase.com/docs/guides/database/database-linter?lint=0006_multiple_permissive_policies,"{""name"":""reports"",""type"":""table"",""schema"":""public""}",multiple_permissive_policies_public_reports_authenticated_SELECT
multiple_permissive_policies,Multiple Permissive Policies,WARN,EXTERNAL,"[""PERFORMANCE""]",Detects if multiple permissive row level security policies are present on a table for the same \`role\` and \`action\` (e.g. insert). Multiple permissive policies are suboptimal for performance as each policy must be executed for every relevant query.,"Table \`public.reports\` has multiple permissive policies for role \`authenticated\` for action \`UPDATE\`. Policies include \`{""Admins can update any report"",""Users can update their own reports""}\`",https://supabase.com/docs/guides/database/database-linter?lint=0006_multiple_permissive_policies,"{""name"":""reports"",""type"":""table"",""schema"":""public""}",multiple_permissive_policies_public_reports_authenticated_UPDATE
multiple_permissive_policies,Multiple Permissive Policies,WARN,EXTERNAL,"[""PERFORMANCE""]",Detects if multiple permissive row level security policies are present on a table for the same \`role\` and \`action\` (e.g. insert). Multiple permissive policies are suboptimal for performance as each policy must be executed for every relevant query.,"Table \`public.reports\` has multiple permissive policies for role \`authenticator\` for action \`DELETE\`. Policies include \`{""Admins can delete any report"",""Users can delete their own reports""}\`",https://supabase.com/docs/guides/database/database-linter?lint=0006_multiple_permissive_policies,"{""name"":""reports"",""type"":""table"",""schema"":""public""}",multiple_permissive_policies_public_reports_authenticator_DELETE
multiple_permissive_policies,Multiple Permissive Policies,WARN,EXTERNAL,"[""PERFORMANCE""]",Detects if multiple permissive row level security policies are present on a table for the same \`role\` and \`action\` (e.g. insert). Multiple permissive policies are suboptimal for performance as each policy must be executed for every relevant query.,"Table \`public.reports\` has multiple permissive policies for role \`authenticator\` for action \`SELECT\`. Policies include \`{""Reports are viewable by everyone"",""Users can view all reports""}\`",https://supabase.com/docs/guides/database/database-linter?lint=0006_multiple_permissive_policies,"{""name"":""reports"",""type"":""table"",""schema"":""public""}",multiple_permissive_policies_public_reports_authenticator_SELECT
multiple_permissive_policies,Multiple Permissive Policies,WARN,EXTERNAL,"[""PERFORMANCE""]",Detects if multiple permissive row level security policies are present on a table for the same \`role\` and \`action\` (e.g. insert). Multiple permissive policies are suboptimal for performance as each policy must be executed for every relevant query.,"Table \`public.reports\` has multiple permissive policies for role \`authenticator\` for action \`UPDATE\`. Policies include \`{""Admins can update any report"",""Users can update their own reports""}\`",https://supabase.com/docs/guides/database/database-linter?lint=0006_multiple_permissive_policies,"{""name"":""reports"",""type"":""table"",""schema"":""public""}",multiple_permissive_policies_public_reports_authenticator_UPDATE
multiple_permissive_policies,Multiple Permissive Policies,WARN,EXTERNAL,"[""PERFORMANCE""]",Detects if multiple permissive row level security policies are present on a table for the same \`role\` and \`action\` (e.g. insert). Multiple permissive policies are suboptimal for performance as each policy must be executed for every relevant query.,"Table \`public.reports\` has multiple permissive policies for role \`cli_login_postgres\` for action \`DELETE\`. Policies include \`{""Admins can delete any report"",""Users can delete their own reports""}\`",https://supabase.com/docs/guides/database/database-linter?lint=0006_multiple_permissive_policies,"{""name"":""reports"",""type"":""table"",""schema"":""public""}",multiple_permissive_policies_public_reports_cli_login_postgres_DELETE
multiple_permissive_policies,Multiple Permissive Policies,WARN,EXTERNAL,"[""PERFORMANCE""]",Detects if multiple permissive row level security policies are present on a table for the same \`role\` and \`action\` (e.g. insert). Multiple permissive policies are suboptimal for performance as each policy must be executed for every relevant query.,"Table \`public.reports\` has multiple permissive policies for role \`cli_login_postgres\` for action \`SELECT\`. Policies include \`{""Reports are viewable by everyone"",""Users can view all reports""}\`",https://supabase.com/docs/guides/database/database-linter?lint=0006_multiple_permissive_policies,"{""name"":""reports"",""type"":""table"",""schema"":""public""}",multiple_permissive_policies_public_reports_cli_login_postgres_SELECT
multiple_permissive_policies,Multiple Permissive Policies,WARN,EXTERNAL,"[""PERFORMANCE""]",Detects if multiple permissive row level security policies are present on a table for the same \`role\` and \`action\` (e.g. insert). Multiple permissive policies are suboptimal for performance as each policy must be executed for every relevant query.,"Table \`public.reports\` has multiple permissive policies for role \`cli_login_postgres\` for action \`UPDATE\`. Policies include \`{""Admins can update any report"",""Users can update their own reports""}\`",https://supabase.com/docs/guides/database/database-linter?lint=0006_multiple_permissive_policies,"{""name"":""reports"",""type"":""table"",""schema"":""public""}",multiple_permissive_policies_public_reports_cli_login_postgres_UPDATE
multiple_permissive_policies,Multiple Permissive Policies,WARN,EXTERNAL,"[""PERFORMANCE""]",Detects if multiple permissive row level security policies are present on a table for the same \`role\` and \`action\` (e.g. insert). Multiple permissive policies are suboptimal for performance as each policy must be executed for every relevant query.,"Table \`public.reports\` has multiple permissive policies for role \`dashboard_user\` for action \`DELETE\`. Policies include \`{""Admins can delete any report"",""Users can delete their own reports""}\`",https://supabase.com/docs/guides/database/database-linter?lint=0006_multiple_permissive_policies,"{""name"":""reports"",""type"":""table"",""schema"":""public""}",multiple_permissive_policies_public_reports_dashboard_user_DELETE
multiple_permissive_policies,Multiple Permissive Policies,WARN,EXTERNAL,"[""PERFORMANCE""]",Detects if multiple permissive row level security policies are present on a table for the same \`role\` and \`action\` (e.g. insert). Multiple permissive policies are suboptimal for performance as each policy must be executed for every relevant query.,"Table \`public.reports\` has multiple permissive policies for role \`dashboard_user\` for action \`SELECT\`. Policies include \`{""Reports are viewable by everyone"",""Users can view all reports""}\`",https://supabase.com/docs/guides/database/database-linter?lint=0006_multiple_permissive_policies,"{""name"":""reports"",""type"":""table"",""schema"":""public""}",multiple_permissive_policies_public_reports_dashboard_user_SELECT
multiple_permissive_policies,Multiple Permissive Policies,WARN,EXTERNAL,"[""PERFORMANCE""]",Detects if multiple permissive row level security policies are present on a table for the same \`role\` and \`action\` (e.g. insert). Multiple permissive policies are suboptimal for performance as each policy must be executed for every relevant query.,"Table \`public.reports\` has multiple permissive policies for role \`dashboard_user\` for action \`UPDATE\`. Policies include \`{""Admins can update any report"",""Users can update their own reports""}\`",https://supabase.com/docs/guides/database/database-linter?lint=0006_multiple_permissive_policies,"{""name"":""reports"",""type"":""table"",""schema"":""public""}",multiple_permissive_policies_public_reports_dashboard_user_UPDATE
multiple_permissive_policies,Multiple Permissive Policies,WARN,EXTERNAL,"[""PERFORMANCE""]",Detects if multiple permissive row level security policies are present on a table for the same \`role\` and \`action\` (e.g. insert). Multiple permissive policies are suboptimal for performance as each policy must be executed for every relevant query.,"Table \`public.user_achievements\` has multiple permissive policies for role \`anon\` for action \`INSERT\`. Policies include \`{""Admins can manage user achievements"",""Users can insert their own achievements""}\`",https://supabase.com/docs/guides/database/database-linter?lint=0006_multiple_permissive_policies,"{""name"":""user_achievements"",""type"":""table"",""schema"":""public""}",multiple_permissive_policies_public_user_achievements_anon_INSERT
multiple_permissive_policies,Multiple Permissive Policies,WARN,EXTERNAL,"[""PERFORMANCE""]",Detects if multiple permissive row level security policies are present on a table for the same \`role\` and \`action\` (e.g. insert). Multiple permissive policies are suboptimal for performance as each policy must be executed for every relevant query.,"Table \`public.user_achievements\` has multiple permissive policies for role \`anon\` for action \`SELECT\`. Policies include \`{""Admins can manage user achievements"",""User achievements are viewable by everyone"",""Users can view all user achievements"",""Users can view their own achievements""}\`",https://supabase.com/docs/guides/database/database-linter?lint=0006_multiple_permissive_policies,"{""name"":""user_achievements"",""type"":""table"",""schema"":""public""}",multiple_permissive_policies_public_user_achievements_anon_SELECT
multiple_permissive_policies,Multiple Permissive Policies,WARN,EXTERNAL,"[""PERFORMANCE""]",Detects if multiple permissive row level security policies are present on a table for the same \`role\` and \`action\` (e.g. insert). Multiple permissive policies are suboptimal for performance as each policy must be executed for every relevant query.,"Table \`public.user_achievements\` has multiple permissive policies for role \`authenticated\` for action \`INSERT\`. Policies include \`{""Admins can manage user achievements"",""Users can insert their own achievements""}\`",https://supabase.com/docs/guides/database/database-linter?lint=0006_multiple_permissive_policies,"{""name"":""user_achievements"",""type"":""table"",""schema"":""public""}",multiple_permissive_policies_public_user_achievements_authenticated_INSERT
multiple_permissive_policies,Multiple Permissive Policies,WARN,EXTERNAL,"[""PERFORMANCE""]",Detects if multiple permissive row level security policies are present on a table for the same \`role\` and \`action\` (e.g. insert). Multiple permissive policies are suboptimal for performance as each policy must be executed for every relevant query.,"Table \`public.user_achievements\` has multiple permissive policies for role \`authenticated\` for action \`SELECT\`. Policies include \`{""Admins can manage user achievements"",""User achievements are viewable by everyone"",""Users can view all user achievements"",""Users can view their own achievements""}\`",https://supabase.com/docs/guides/database/database-linter?lint=0006_multiple_permissive_policies,"{""name"":""user_achievements"",""type"":""table"",""schema"":""public""}",multiple_permissive_policies_public_user_achievements_authenticated_SELECT
multiple_permissive_policies,Multiple Permissive Policies,WARN,EXTERNAL,"[""PERFORMANCE""]",Detects if multiple permissive row level security policies are present on a table for the same \`role\` and \`action\` (e.g. insert). Multiple permissive policies are suboptimal for performance as each policy must be executed for every relevant query.,"Table \`public.user_achievements\` has multiple permissive policies for role \`authenticator\` for action \`INSERT\`. Policies include \`{""Admins can manage user achievements"",""Users can insert their own achievements""}\`",https://supabase.com/docs/guides/database/database-linter?lint=0006_multiple_permissive_policies,"{""name"":""user_achievements"",""type"":""table"",""schema"":""public""}",multiple_permissive_policies_public_user_achievements_authenticator_INSERT
multiple_permissive_policies,Multiple Permissive Policies,WARN,EXTERNAL,"[""PERFORMANCE""]",Detects if multiple permissive row level security policies are present on a table for the same \`role\` and \`action\` (e.g. insert). Multiple permissive policies are suboptimal for performance as each policy must be executed for every relevant query.,"Table \`public.user_achievements\` has multiple permissive policies for role \`authenticator\` for action \`SELECT\`. Policies include \`{""Admins can manage user achievements"",""User achievements are viewable by everyone"",""Users can view all user achievements"",""Users can view their own achievements""}\`",https://supabase.com/docs/guides/database/database-linter?lint=0006_multiple_permissive_policies,"{""name"":""user_achievements"",""type"":""table"",""schema"":""public""}",multiple_permissive_policies_public_user_achievements_authenticator_SELECT
multiple_permissive_policies,Multiple Permissive Policies,WARN,EXTERNAL,"[""PERFORMANCE""]",Detects if multiple permissive row level security policies are present on a table for the same \`role\` and \`action\` (e.g. insert). Multiple permissive policies are suboptimal for performance as each policy must be executed for every relevant query.,"Table \`public.user_achievements\` has multiple permissive policies for role \`cli_login_postgres\` for action \`INSERT\`. Policies include \`{""Admins can manage user achievements"",""Users can insert their own achievements""}\`",https://supabase.com/docs/guides/database/database-linter?lint=0006_multiple_permissive_policies,"{""name"":""user_achievements"",""type"":""table"",""schema"":""public""}",multiple_permissive_policies_public_user_achievements_cli_login_postgres_INSERT
multiple_permissive_policies,Multiple Permissive Policies,WARN,EXTERNAL,"[""PERFORMANCE""]",Detects if multiple permissive row level security policies are present on a table for the same \`role\` and \`action\` (e.g. insert). Multiple permissive policies are suboptimal for performance as each policy must be executed for every relevant query.,"Table \`public.user_achievements\` has multiple permissive policies for role \`cli_login_postgres\` for action \`SELECT\`. Policies include \`{""Admins can manage user achievements"",""User achievements are viewable by everyone"",""Users can view all user achievements"",""Users can view their own achievements""}\`",https://supabase.com/docs/guides/database/database-linter?lint=0006_multiple_permissive_policies,"{""name"":""user_achievements"",""type"":""table"",""schema"":""public""}",multiple_permissive_policies_public_user_achievements_cli_login_postgres_SELECT
multiple_permissive_policies,Multiple Permissive Policies,WARN,EXTERNAL,"[""PERFORMANCE""]",Detects if multiple permissive row level security policies are present on a table for the same \`role\` and \`action\` (e.g. insert). Multiple permissive policies are suboptimal for performance as each policy must be executed for every relevant query.,"Table \`public.user_achievements\` has multiple permissive policies for role \`dashboard_user\` for action \`INSERT\`. Policies include \`{""Admins can manage user achievements"",""Users can insert their own achievements""}\`",https://supabase.com/docs/guides/database/database-linter?lint=0006_multiple_permissive_policies,"{""name"":""user_achievements"",""type"":""table"",""schema"":""public""}",multiple_permissive_policies_public_user_achievements_dashboard_user_INSERT
multiple_permissive_policies,Multiple Permissive Policies,WARN,EXTERNAL,"[""PERFORMANCE""]",Detects if multiple permissive row level security policies are present on a table for the same \`role\` and \`action\` (e.g. insert). Multiple permissive policies are suboptimal for performance as each policy must be executed for every relevant query.,"Table \`public.user_achievements\` has multiple permissive policies for role \`dashboard_user\` for action \`SELECT\`. Policies include \`{""Admins can manage user achievements"",""User achievements are viewable by everyone"",""Users can view all user achievements"",""Users can view their own achievements""}\`",https://supabase.com/docs/guides/database/database-linter?lint=0006_multiple_permissive_policies,"{""name"":""user_achievements"",""type"":""table"",""schema"":""public""}",multiple_permissive_policies_public_user_achievements_dashboard_user_SELECT
multiple_permissive_policies,Multiple Permissive Policies,WARN,EXTERNAL,"[""PERFORMANCE""]",Detects if multiple permissive row level security policies are present on a table for the same \`role\` and \`action\` (e.g. insert). Multiple permissive policies are suboptimal for performance as each policy must be executed for every relevant query.,"Table \`public.user_stats\` has multiple permissive policies for role \`anon\` for action \`SELECT\`. Policies include \`{""Users can view all user stats"",""Users can view their own stats""}\`",https://supabase.com/docs/guides/database/database-linter?lint=0006_multiple_permissive_policies,"{""name"":""user_stats"",""type"":""table"",""schema"":""public""}",multiple_permissive_policies_public_user_stats_anon_SELECT
multiple_permissive_policies,Multiple Permissive Policies,WARN,EXTERNAL,"[""PERFORMANCE""]",Detects if multiple permissive row level security policies are present on a table for the same \`role\` and \`action\` (e.g. insert). Multiple permissive policies are suboptimal for performance as each policy must be executed for every relevant query.,"Table \`public.user_stats\` has multiple permissive policies for role \`authenticated\` for action \`SELECT\`. Policies include \`{""Users can view all user stats"",""Users can view their own stats""}\`",https://supabase.com/docs/guides/database/database-linter?lint=0006_multiple_permissive_policies,"{""name"":""user_stats"",""type"":""table"",""schema"":""public""}",multiple_permissive_policies_public_user_stats_authenticated_SELECT
multiple_permissive_policies,Multiple Permissive Policies,WARN,EXTERNAL,"[""PERFORMANCE""]",Detects if multiple permissive row level security policies are present on a table for the same \`role\` and \`action\` (e.g. insert). Multiple permissive policies are suboptimal for performance as each policy must be executed for every relevant query.,"Table \`public.user_stats\` has multiple permissive policies for role \`authenticator\` for action \`SELECT\`. Policies include \`{""Users can view all user stats"",""Users can view their own stats""}\`",https://supabase.com/docs/guides/database/database-linter?lint=0006_multiple_permissive_policies,"{""name"":""user_stats"",""type"":""table"",""schema"":""public""}",multiple_permissive_policies_public_user_stats_authenticator_SELECT
multiple_permissive_policies,Multiple Permissive Policies,WARN,EXTERNAL,"[""PERFORMANCE""]",Detects if multiple permissive row level security policies are present on a table for the same \`role\` and \`action\` (e.g. insert). Multiple permissive policies are suboptimal for performance as each policy must be executed for every relevant query.,"Table \`public.user_stats\` has multiple permissive policies for role \`cli_login_postgres\` for action \`SELECT\`. Policies include \`{""Users can view all user stats"",""Users can view their own stats""}\`",https://supabase.com/docs/guides/database/database-linter?lint=0006_multiple_permissive_policies,"{""name"":""user_stats"",""type"":""table"",""schema"":""public""}",multiple_permissive_policies_public_user_stats_cli_login_postgres_SELECT
multiple_permissive_policies,Multiple Permissive Policies,WARN,EXTERNAL,"[""PERFORMANCE""]",Detects if multiple permissive row level security policies are present on a table for the same \`role\` and \`action\` (e.g. insert). Multiple permissive policies are suboptimal for performance as each policy must be executed for every relevant query.,"Table \`public.user_stats\` has multiple permissive policies for role \`dashboard_user\` for action \`SELECT\`. Policies include \`{""Users can view all user stats"",""Users can view their own stats""}\`",https://supabase.com/docs/guides/database/database-linter?lint=0006_multiple_permissive_policies,"{""name"":""user_stats"",""type"":""table"",""schema"":""public""}",multiple_permissive_policies_public_user_stats_dashboard_user_SELECT